21ST CENTURY FOX CL A FOXA,FOXA
21ST CENTURY FOX CL B FOX,FOX
3M CO MMM,MMM
ABBOTT LABORATORIES ABT,ABT
ABBVIE INC ABBV,ABBV
ABIOMED INC ABMD,ABMD
ACADIA HEALTHCARE CO ACHC,ACHC
ACADIA PHARMACEUTICALS ACAD,ACAD
ACCENTURE PLC IRELAND ACN,ACN
ACTIVISION BLIZZARD INC ATVI,ATVI
ACUITY BRANDS INC AYI,AYI
ADIENT PLC ADNT,ADNT
ADOBE SYSTEMS INC ADBE,ADBE
ADVANCE AUTO PARTS INC AAP,AAP
ADVANCED MICRO DEVICES AMD,AMD
AECOM ACM,ACM
AES CORP AES,AES
AETNA INC AET,AET
AFFILIATED MANAGERS GRP AMG,AMG
AFLAC INC AFL,AFL
AGCO CORP AGCO,AGCO
AGILENT TECHNOLOGIES INC A,A
AGIOS PHARMACEUTICALS AGIO,AGIO
AGNC INVESTMENT AGNC,AGNC
AIR LEASE CORP AL,AL
AIR PRODS & CHEMS INC APD,APD
AKAMAI TECHNOLOGIES AKAM,AKAM
AKORN INC AKRX,AKRX
ALASKA AIR GROUP INC ALK,ALK
ALBEMARLE CORP ALB,ALB
ALCOA CORPORATION AA,AA
ALERE INC ALR,ALR
ALEXANDRIA REAL ESTATE   ARE,ARE
ALEXION PHARMACEUTICALS   ALXN,ALXN
ALIGN TECHNOLOGY Inc      ALGN,ALGN
ALKERMES PLC     ALKS,ALKS
ALLEGHANY CORP       Y,Y
ALLEGION PLC        ALLE,ALLE
ALLERGAN PLC       AGN,AGN
ALLIANCE DATA SYSTEMS      ADS,ADS
ALLIANT ENERGY CORP      LNT,LNT
ALLIED WRLD ASSUR COM      AWH,AWH
ALLISON TRANSMISSION      ALSN,ALSN
ALLSTATE CORP       ALL,ALL
ALLY FINL INC        ALLY,ALLY
ALNYLAM PHARMACEUTICALS      ALNY,ALNY
ALPHABET INC CL A       GOOGL,GOOGL
ALPHABET INC CL C GOOG,GOOG
ALTRIA GROUP INC       MO,MO
AMAZON COM INC       AMZN,AMZN
AMC NETWORKS INC       AMCX,AMCX
AMDOCS LTD        DOX,DOX
AMERCO        UHAL,UHAL
AMEREN CORP        AEE,AEE
AMERICAN AIRLINES GROUP      AAL,AAL
AMERICAN CAMPUS COMMUN      ACC,ACC
AMERICAN ELECTRIC POWER      AEP,AEP
AMERICAN EXPRESS CO      AXP,AXP
AMERICAN FINANCIAL GROUP      AFG,AFG
AMERICAN HOMES 4 RENT      AMH,AMH
AMERICAN INTL GROUP      AIG,AIG
AMERICAN NATIONAL INS CO      ANAT,ANAT
AMERICAN TOWER CORP      AMT,AMT
AMERICAN WTR WKS CO INC      AWK,AWK
AMERIPRISE FINANCIAL INC      AMP,AMP
AMERISOURCEBERGEN CORP      ABC,ABC
AMETEK INC        AME,AME
AMGEN INC        AMGN,AMGN
AMPHENOL CORP       APH,APH
ANADARKO PETROLEUM CORP      APC,APC
ANALOG DEVICES INC       ADI,ADI
ANNALY CAPITAL MGMT INC      NLY,NLY
ANSYS INC        ANSS,ANSS
ANTERO RESOURCES CO      AR,AR
ANTHEM INC        ANTM,ANTM
AON PLC        AON,AON
APACHE CORP        APA,APA
APARTMENT INVT & MGMT      AIV,AIV
APPLE HOSPITALITY REIT      APLE,APLE
APPLE INC AAPL,AAPL
APPLIED MATLS INC AMAT,AMAT
APTARGROUP INC ATR,ATR
AQUA AMERICA INC WTR,WTR
ARAMARK ARMK,ARMK
ARCH CAP GROUP LTD ACGL,ACGL
ARCHER DANIELS MIDLAND ADM,ADM
ARCONIC INC ARNC,ARNC
ARDAGH GROUP SA ARD,ARD
ARISTA NETWORKS INC ANET,ANET
ARMSTRONG WORLD INDS INC AWI,AWI
ARRIS INTERNATIONAL PLC ARRS,ARRS
ARROW ELECTRONICS INC ARW,ARW
ASHLAND GLOBAL HOLDINGS ASH,ASH
ASPEN INSURANCE HOLDINGS AHL,AHL
ASSOCIATED BANC CORP ASB,ASB
ASSURANT INC AIZ,AIZ
BGC PARTNERS INC BGCP,BGCP
BIOGEN INC BIIB,BIIB
BIOMARIN PHARMACEUTICAL BMRN,BMRN
BIO-RAD LABORATORIES INC BIO,BIO
BIO-TECHNE CORP TECH,TECH
BIOVERATIV BIVV,BIVV
BLACK KNIGHT FINL SVCS BKFS,BKFS
BLACKROCK INC BLKASSURED GUARANTY LTD AGO,AGO
AT&T INC T,T
ATHENAHEALTH INC ATHN,ATHN
ATHENE HOLDING LTD ATH,ATH
ATLASSIAN CORP PLC TEAM,TEAM
ATMOS ENERGY CORP ATO,ATO
AUTODESK INC ADSK,ADSK
AUTOMATIC DATA PROCESS ADP,ADP
AUTONATION INC AN,AN
AUTOZONE INC AZO,AZO
AVALONBAY CMNTYS INC AVB,AVB
AVANGRID INC AGR,AGR
AVERY DENNISON CORP AVY,AVY
AVNET INC AVT,AVT
AXALTA COATING SYSTEMS AXTA,AXTA
AXIS CAPITAL HOLDINGS AXS,AXS
BAKER HUGHES INC BHI,BHI
BALL CORP BLL,BLL
BANK OF AMERICA CORP BAC,BAC
BANK OF HAWAII CORP BOH,BOH
BANK OF NEW YORK MELLON BK,BK
BANK OF THE OZARKS INC OZRK,OZRK
BANKUNITED INC BKU,BKU
BAXTER INTERNATIONAL INC BAX,BAX
BB&T CORP BBT,BBT
BECTON DICKINSON & CO BDX,BDX
BED BATH & BEYOND INC BBBY,BBBY
BEMIS INC BMS,BMS
BERKLEY W R CORP WRB,WRB
BERKSHIRE HATHAWAY INC BRK.B,BRK.B
BERRY GLOBAL GROUP BERY,BERY
BEST BUY INC BBY,BBY
BLOCK H & R INC HRB,HRB
BLUE BUFFALO PET PROD BUFF,BUFF
BOEING CO BA,BA
BOK FINANCIAL CORP BOKF,BOKF
BOOZ ALLEN HAMILTON HLDG BAH,BAH
BORG WARNER INC BWA,BWA
BOSTON PROPERTIES INC BXP,BXP
BOSTON SCIENTIFIC CO BSX,BSX
BRIGHT HORIZON FAMILY BFAM,BFAM
BRISTOL MYERS SQUIBB BMY,BMY
BRIXMOR PROPERTY GROUP BRX,BRX
BROADCOM LIMITED AVGO,AVGO
BROADRIDGE FINANCIAL INC BR,BR
BROCADE COMMUNICATIONS BRCD,BRCD
BROOKDALE SENIOR LIVING BKD,BKD
BROWN & BROWN INC BRO,BRO
BROWN FORMAN CORP CL A BF.A,BF.A
BROWN FORMAN CORP CL B BF.B,BF.B
BRUKER CORP BRKR,BRKR
BRUNSWICK CORP BC,BC
BUNGE LIMITED BG,BG
BURLINGTON STORES INC BURL,BURL
BWX TECHNOLOGIES INC BWXT,BWXT
C H ROBINSON WORLDWIDE CHRW,CHRW
CA INC CA,CA
CABELAS INC CAB,CAB
CABLE ONE INC CABO,CABO
CABOT CORP CBT,CBT
CABOT OIL & GAS CORP COG,COG
CADENCE DESIGN SYSTEMS CDNS,CDNS
CALATLANTIC GROUP INC CAA,CAA
CALPINE CORP CPN,CPN
CAMDEN PROPERTY TRUST CPT,CPT
CAMPBELL SOUP CO CPB,CPB
CAPITAL ONE FINANCIAL COF,COF
CARDINAL HEALTH INC CAH,CAH
CARLISLE COS INC CSL,CSL
CARMAX INC KMX,KMX
CARNIVAL CORP CCL,CCL
CARTER INC CRI,CRI
CASEYS GENERAL STORES CASY,CASY
CATERPILLAR INC CAT,CAT
CAVIUM INC CAVM,CAVM
CBOE HLDGS INC CBOE,CBOE
CBRE GROUP INC CBG,CBG
CBS CORPORATION CBS,CBS
CDK GLOBAL INC CDK,CDK
CDW CORPORATION CDW,CDW
CELANESE CORP CE,CE
CELGENE CORP CELG,CELG
CENTENE CORP CNC,CNC
CENTENNIAL RESOURCE DEV CDEV,CDEV
CENTERPOINT ENERGY INC CNP,CNP
CENTURYLINK INC CTL,CTL
CERNER CORP CERN,CERN
CF INDUSTRIES HOLDINGS CF,CF
BRANDYWINE REALTY TRUST BDN,BDN
CHARTER COMM INC CHTR,CHTR
CHENIERE ENERGY INC LNG,LNG
CHESAPEAKE ENERGY CORP CHK,CHK
CHEVRON CORP CVX,CVX
CHIMERA INVESTMENT CORP CIM,CIM
CHIPOTLE MEXICAN GRILL CMG,CMG
CHOICE HOTELS INTL INC CHH,CHH
CHUBB LIMITED CB,CB
CHURCH & DWIGHT INC CHD,CHD
CIGNA CORP CI,CI
CIMAREX ENERGY CO XEC,XEC
CINCINNATI FINANCIAL CINF,CINF
CINEMARK HOLDINGS INC CNK,CNK
CINTAS CORP CTAS,CTAS
CISCO SYSTEMS INC CSCO,CSCO
CIT GROUP INC CIT,CIT
CITIGROUP INC C,C
CITIZENS FINANCIAL INC CFG,CFG
CITRIX SYSTEMS INC CTXS,CTXS
CLEAN HARBORS INC CLH,CLH
CLOROX CO CLX,CLX
CME GROUP INC CME,CME
CMS ENERGY CORP CMS,CMS
CNA FINANCIAL CORP CNA,CNA
COACH INC COH,COH
COCA COLA CO KO,KO
COGNEX CORP CGNX,CGNX
COGNIZANT TECH SOLUTIONS CTSH,CTSH
COHERENT INC COHR,COHR
COLFAX CORP CFX,CFX
COLGATE PALMOLIVE CO CL,CL
COLONY NORTHSTAR INC CLNS,CLNS
COLUMBIA PPTY TR INC CXP,CXP
COMCAST CORP CL A CMCSA,CMCSA
COMERICA INC CMA,CMA
COMMERCE BANCSHARES INC CBSH,CBSH
COMMSCOPE HOLDING CO COMM,COMM
CONAGRA BRANDS INC CAG,CAG
CONCHO RESOURCES INC CXO,CXO
CONDUENT INC CNDT,CNDT
CONOCOPHILLIPS COP,COP
CONSOL ENERGY INC CNX,CNX
CONSOLIDATED EDISON INC ED,ED
CONSTELLATION BRANDS STZ,STZ
CONTINENTAL RESOURCES CLR,CLR
COOPER COMPANIES INC COO,COO
COPA HOLDINGS SA CPA,CPA
CHARLES RIVER LABS INTL CRL,CRL
CORELOGIC INC CLGX,CLGX
CORESITE REALTY CORP COR,COR
CORNING INC GLW,GLW
CORPORATE OFFICE PPTYS OFC,OFC
COSTAR GROUP INC CSGP,CSGP
COSTCO WHOLESALE CORP COST,COST
COTY INC COTY,COTY
CR BARD INC BCR,BCR
CRANE CO CR,CR
CREDIT ACCEP CORP MICH CACC,CACC
CROWN CASTLE INTL CORP CCI,CCI
CROWN HOLDINGS INC CCK,CCK
CSRA INC CSRA,CSRA
CST BRANDS INC CST,CST
CSX CORP CSX,CSX
CUBESMART CUBE,CUBE
CULLEN FROST BANKERS CFR,CFR
CUMMINS INC CMI,CMI
CVS HEALTH CORPORATION CVS,CVS
CYPRESS SEMICONDUCTOR CY,CY
CYRUSONE INC CONE,CONE
D R HORTON INC DHI,DHI
DANAHER CORP DHR,DHR
DARDEN RESTAURANTS INC DRI,DRI
DAVITA INC DVA,DVA
DCT INDUSTRIAL TRUST INC DCT,DCT
DDR CORP DDR,DDR
DEERE & CO DE,DE
DELL TECHNOLOGIES DVMT,DVMT
DELPHI AUTOMOTIVE PLC DLPH,DLPH
DELTA AIR LINES INC DAL,DAL
DENTSPLY SIRONA INC XRAY,XRAY
DEVON ENERGY CORP DVN,DVN
DEXCOM INC DXCM,DXCM
DIAMONDBACK ENERGY INC FANG,FANG
DICKS SPORTING GOODS INC DKS,DKS
DIGITAL REALTY TRUST INC DLR,DLR
DISCOVER FINANCIAL SRVC DFS,DFS
DISCOVERY COMM CL A DISCA,DISCA
DISCOVERY COMM CL C DISCK,DISCK
DISH NETWORK CORP DISH,DISH
DISNEY WALT CO DIS,DIS
DOLBY LABORATORIES INC DLB,DLB
DOLLAR GENERAL CORP DG,DG
DOMINION ENERGY INC D,D
COPART INC CPRT,CPRT
CORECIVIC INC CXW,CXW
DOUGLAS EMMETT INC DEI,DEI
DOVER CORP DOV,DOV
DOW CHEMICAL CO DOW,DOW
DR PEPPER SNAPPLE GROUP DPS,DPS
DST SYSTEMS INC DST,DST
DTE ENERGY CO DTE,DTE
DU PONT E I DE NEMOURS DD,DD
DUKE ENERGY CORP DUK,DUK
DUKE REALTY CORP DRE,DRE
DUN & BRADSTREET CORP DNB,DNB
DUNKIN BRANDS GROUP INC DNKN,DNKN
DUPONT FABROS TECHNOLOGY DFT,DFT
DXC TECHNOLOGY COMPANY DXC,DXC
E TRADE FINANCIAL CORP ETFC,ETFC
EAGLE MATERIALS INC EXP,EXP
EAST WEST BANCORP INC EWBC,EWBC
EASTMAN CHEMICAL CO EMN,EMN
EATON CORP PLC ETN,ETN
EATON VANCE CORP EV,EV
EBAY INC EBAY,EBAY
ECHOSTAR CORP SATS,SATS
ECOLAB INC ECL,ECL
EDGEWELL PERSONAL CARE EPC,EPC
EDISON INTERNATIONAL EIX,EIX
EDWARDS LIFESCIENCES EW,EW
ELECTRONIC ARTS INC EA,EA
EMERSON ELECTRIC CO EMR,EMR
EMPIRE STATE REALTY ESRT,ESRT
ENDO INTERNATIONAL PLC ENDP,ENDP
ENERGEN CORP EGN,EGN
ENERGIZER HOLDINGS INC ENR,ENR
ENTERGY CORP ETR,ETR
ENVISION HEALTHCARE CORP EVHC,EVHC
EOG RESOURCES INC EOG,EOG
EPR PROPERTIES EPR,EPR
EQT CORPORATION EQT,EQT
EQUIFAX INC EFX,EFX
EQUINIX INC EQIX,EQIX
EQUITY COMMONWEALTH EQC,EQC
EQUITY LIFESTYLE PROP ELS,ELS
EQUITY RESIDENTIAL EQR,EQR
ERIE INDEMNITY CO ERIE,ERIE
ESSEX PROPERTY TRUST INC ESS,ESS
ESTEE LAUDER COMPANIES EL,EL
EURONET WORLDWIDE INC EEFT,EEFT
EVEREST RE GROUP LTD RE,RE
DOMTAR CORPORATION UFS,UFS
DONALDSON INC DCI,DCI
EXPEDIA INC EXPE,EXPE
EXPEDITORS INTL OF WASH EXPD,EXPD
EXPRESS SCRIPTS HOLD CO ESRX,ESRX
EXTENDED STAY AMERICA STAY,STAY
EXTRA SPACE STORAGE INC EXR,EXR
EXTRACTION OIL & GAS INC XOG,XOG
EXXON MOBIL CORP XOM,XOM
F5 NETWORKS INC FFIV,FFIV
FACEBOOK INC FB,FB
FACTSET RESEARCH SYSTEMS FDS,FDS
FASTENAL CO FAST,FAST
FEDERAL REALTY INVT FRT,FRT
FEDERATED INVESTORS INC FII,FII
FEDEX CORP FDX,FDX
FIDELITY NATL INFO SVCS FIS,FIS
FIFTH THIRD BANCORP FITB,FITB
FIREEYE INC FEYE,FEYE
FIRST AMERICAN FINL CORP FAF,FAF
FIRST DATA CORPORATION FDC,FDC
FIRST HAWAIIAN INC FHB,FHB
FIRST HORIZON NATL CORP FHN,FHN
FIRST REP BK SAN FRAN FRC,FRC
FIRST SOLAR INC FSLR,FSLR
FIRSTENERGY CORP FE,FE
FISERV INC FISV,FISV
FLEETCOR TECHNOLOGIES FLT,FLT
FLIR SYSTEMS INC FLIR,FLIR
FLOOR & DECOR HOLDINGS FND,FND
FLOWERS FOODS INC FLO,FLO
FLOWSERVE CORP FLS,FLS
FLUOR CORP FLR,FLR
FMC CORP FMC,FMC
FNB CORP FNB,FNB
FNF GROUP FNF,FNF
FOOT LOCKER INC FL,FL
FORD MOTOR CO F,F
FOREST CITY REALTY TRUST FCE.A,FCE.A
FORTINET INC FTNT,FTNT
FORTIVE CORPORATION FTV,FTV
FORTUNE BRDS HOME & SEC FBHS,FBHS
FRANKLIN RESOURCES INC BEN,BEN
FREEPORT-MCMORAN INC FCX,FCX
GALLAGHER ARTHUR J & CO AJG,AJG
GAMESTOP CORP GME,GME
GAMING AND LEISURE PPTYS GLPI,GLPI
GAP INC GPS,GPS
EVERSOURCE ENERGY ES,ES
EXELIXIS INC EXEL,EXEL
EXELON CORP EXC,EXC
GENERAL DYNAMICS CORP GD,GD
GENERAL ELECTRIC CO GE,GE
GENERAL MILLS INC GIS,GIS
GENERAL MTRS CO GM,GM
GENESEE & WYOMING INC GWR,GWR
GENPACT LTD G,G
GENTEX CORP GNTX,GNTX
GENUINE PARTS CO GPC,GPC
GGP INC GGP,GGP
GILEAD SCIENCES INC GILD,GILD
GLOBAL PAYMENTS INC GPN,GPN
GODADDY INC GDDY,GDDY
GOLDMAN SACHS GROUP INC GS,GS
GOODYEAR TIRE & RUBBER GT,GT
GRACE W R & CO GRA,GRA
GRACO INC GGG,GGG
GRAHAM HOLDINGS COMPANY GHC,GHC
GRAINGER WW INC GWW,GWW
GRAPHIC PACKAGING HLDG GPK,GPK
GREAT PLAINS ENERGY INC GXP,GXP
GUIDEWIRE SOFTWARE INC GWRE,GWRE
GULFPORT ENERGY CORP GPOR,GPOR
HAIN CELESTIAL GROUP HAIN,HAIN
HALLIBURTON CO HAL,HAL
HANESBRAND INC HBI,HBI
HANOVER INSURANCE GROUP THG,THG
HARLEY DAVIDSON INC HOG,HOG
HARRIS CORP HRS,HRS
HARTFORD FINL SVCS GRP HIG,HIG
HASBRO INC HAS,HAS
HAWAIIAN ELECTRIC INDS HE,HE
HCA HEALTHCARE INC HCA,HCA
HCP INC HCP,HCP
HD SUPPLY HOLDINGS INC HDS,HDS
HEALTHCARE TR AMER INC HTA,HTA
HEICO CORP CL A HEI.A,HEI.A
HEICO CORP COMMON HEI,HEI
HELMERICH & PAYNE INC HP,HP
HENRY JACK & ASSOCIATES JKHY,JKHY
HERBALIFE LTD HLF,HLF
HERSHEY COMPANY HSY,HSY
HESS CORP HES,HES
HEWLETT PACKARD ENT HPE,HPE
HEXCEL CORP HXL,HXL
HIGHWOODS PROPERTIES INC HIW,HIW
GARDNER DENVER HOLDINGS GDI,GDI
GARMIN LTD GRMN,GRMN
GARTNER INC IT,IT
HOLOGIC INC HOLX,HOLX
HOME DEPOT INC HD,HD
HONEYWELL INTERNATIONAL HON,HON
HORMEL FOODS CORP HRL,HRL
HOSPITALITY PPTYS TRUST HPT,HPT
HOST HOTELS & RESORTS HST,HST
HOWARD HUGHES CORP HHC,HHC
HP INC HPQ,HPQ
HUBBELL INC HUBB,HUBB
HUDSON PAC PPTYS INC HPP,HPP
HUMANA INC HUM,HUM
HUNTINGTON BANCSHARES HBAN,HBAN
HUNTINGTON INGALLS IND HII,HII
HUNTSMAN CORP HUN,HUN
HYATT HOTELS CORP H,H
IAC INTERACTIVECORP IAC,IAC
IDEX CORP IEX,IEX
IDEXX LABS INC IDXX,IDXX
IHS MARKIT LTD INFO,INFO
ILLINOIS TOOL WORKS INC ITW,ITW
ILLUMINA INC ILMN,ILMN
INCYTE CORP INCY,INCY
INGERSOLL-RAND PLC IR,IR
INGREDION INC INGR,INGR
INTEL CORP INTC,INTC
INTERACTIVE BROKERS GRP IBKR,IBKR
INTERCEPT PHARMA INC ICPT,ICPT
INTERCONTINENTAL EXCH ICE,ICE
INTERNATIONAL GAME TECH IGT,IGT
INTERNATIONAL PAPER CO IP,IP
INTERPUBLIC GROUP OF COS IPG,IPG
INTL BUSINESS MACHINES IBM,IBM
INTL FLAVORS & FRAGRANCE IFF,IFF
INTREXON CORP XON,XON
INTUIT INTU,INTU
INTUITIVE SURGICAL INC ISRG,ISRG
INVESCO LTD IVZ,IVZ
INVITATION HOMES INC INVH,INVH
IONIS PHARMACEUTICALS IONS,IONS
IPG PHOTONICS CORP IPGP,IPGP
IRON MOUNTAIN INC IRM,IRM
ITT INC ITT,ITT
JABIL INC JBL,JBL
JACOBS ENGINEERING GRP JEC,JEC
JB HUNT TRANS SVCS INC JBHT,JBHT
HILL-ROM HOLDINGS INC HRC,HRC
HILTON GRAND VACATIONS HGV,HGV
HILTON WORLDWIDE HOLDING HLT,HLT
HOLLYFRONTIER CORP HFC,HFC
JPMORGAN CHASE & CO JPM,JPM
JUNIPER NETWORKS INC JNPR,JNPR
JUNO THERAPEUTICS INC JUNO,JUNO
KANSAS CITY SOUTHERN KSU,KSU
KAR AUCTION SERVICES INC KAR,KAR
KATE SPADE & CO KATE,KATE
KELLOGG CO K,K
KEYCORP KEY,KEY
KEYSIGHT TECHNOLOGIES KEYS,KEYS
KILROY REALTY CORP KRC,KRC
KIMBERLY CLARK CORP KMB,KMB
KIMCO REALTY CORP KIM,KIM
KINDER MORGAN INC KMI,KMI
KIRBY CORP KEX,KEX
KLA-TENCOR CORP KLAC,KLAC
KOHLS CORP KSS,KSS
KOSMOS ENERGY LTD KOS,KOS
KROGER CO KR,KR
L BRANDS INC LB,LB
L3 TECHNOLOGIES LLL,LLL
LABORATORY CORP OF AMER LH,LH
LAM RESEARCH CORP LRCX,LRCX
LAMAR ADVERTISING CO LAMR,LAMR
LAMB WESTON HOLDINGS LW,LW
LANDSTAR SYSTEMS INC LSTR,LSTR
LAREDO PETROLEUM INC LPI,LPI
LAS VEGAS SANDS CORP LVS,LVS
LAZARD LTD LAZ,LAZ
LEAR CORP LEA,LEA
LEGG MASON INC LM,LM
LEGGETT & PLATT INC LEG,LEG
LEIDOS HOLDINGS INC LDOS,LDOS
LENNAR CORP CL A LEN,LEN
LENNAR CORP CL B LEN.B,LEN.B
LENNOX INTERNATIONAL INC LII,LII
LEUCADIA NATIONAL CORP LUK,LUK
LEVEL 3 COMMUNICATIONS LVLT,LVLT
LIBERTY BROADBAND CL A LBRDA,LBRDA
LIBERTY BROADBAND CL C LBRDK,LBRDK
LIBERTY EXPEDIA HOLDINGS LEXEA,LEXEA
LIBERTY FORMULA 1 SER A FWONA,FWONA
LIBERTY FORMULA 1 SER C FWONK,FWONK
LIBERTY INTERACTIVE QVC QVCA,QVCA
LIBERTY PROPERTY TRUST LPT,LPT
JETBLUE AIRWAYS CORP JBLU,JBLU
JOHNSON & JOHNSON JNJ,JNJ
JOHNSON CONTROLS INTNL JCI,JCI
JONES LANG LASALLE INC JLL,JLL
LILLY ELI & CO LLY,LLY
LINCOLN ELECTRIC HLDGS LECO,LECO
LINCOLN NATIONAL CORP LNC,LNC
LIONS GATE ENT CLASS A LGF.A,LGF.A
LIONS GATE ENT CLASS B LGF.B,LGF.B
LIVE NATION ENT INC LYV,LYV
LKQ CORP LKQ,LKQ
LOCKHEED MARTIN CORP LMT,LMT
LOEWS CORP L,L
LOGMEIN INC LOGM,LOGM
LOWES COS INC LOW,LOW
LPL FINANCIAL HOLDINGS LPLA,LPLA
LULULEMON ATHLETICA INC LULU,LULU
LYONDELLBASELL INDS LYB,LYB
M & T BANK CORP MTB,MTB
MACERICH CO MAC,MAC
MACQUARIE INFRASTRUCTURE MIC,MIC
MACYS INC M,M
MADISON SQUARE GARDEN CO MSG,MSG
MALLINCKRODT PLC MNK,MNK
MANHATTAN ASSOCS INC MANH,MANH
MANPOWERGROUP MAN,MAN
MARATHON OIL CORP MRO,MRO
MARATHON PETROLEUM CORP MPC,MPC
MARKEL CORP MKL,MKL
MARKETAXESS HOLDINGS INC MKTX,MKTX
MARRIOTT INTL INC MAR,MAR
MARSH & MCLENNAN COS MMC,MMC
MARTIN MARIETTA MTLS MLM,MLM
MARVELL TECHNOLOGY GROUP MRVL,MRVL
MASCO CORP MAS,MAS
MASTERCARD INC MA,MA
MATCH GROUP INC MTCH,MTCH
MATTEL INC MAT,MAT
MAXIM INTEGRATED PRODS MXIM,MXIM
MCCORMICK & CO INC MKC,MKC
MCDONALDS CORP MCD,MCD
MCKESSON CORP MCK,MCK
MDU RESOURCES GROUP INC MDU,MDU
MEDICAL PROPERTIES TRUST MPW,MPW
MEDNAX INC MD,MD
MEDTRONIC PLC MDT,MDT
MERCK & CO INC MRK,MRK
MERCURY GENERAL CORP MCY,MCY
LIBERTY SIRIUSXM SER A LSXMA,LSXMA
LIBERTY SIRIUSXM SER C LSXMK,LSXMK
LIBERTY VENTURES LVNTA,LVNTA
LIFE STORAGE INC LSI,LSI
LIFEPOINT HEALTH INC LPNT,LPNT
MICHAELS COS INC/THE MIK,MIK
MICROCHIP TECHNOLOGY MCHP,MCHP
MICRON TECHNOLOGY INC MU,MU
MICROSEMI CORP MSCC,MSCC
MICROSOFT CORP MSFT,MSFT
MID-AMER APT CMNTYS MAA,MAA
MIDDLEBY CORP MIDD,MIDD
MOHAWK INDUSTRIES INC MHK,MHK
MOLSON COORS BREWING CO TAP,TAP
MONDELEZ INTERNATIONAL MDLZ,MDLZ
MONSANTO CO MON,MON
MONSTER BEVERAGE CORP MNST,MNST
MOODYS CORP MCO,MCO
MORGAN STANLEY MS,MS
MORNINGSTAR INC MORN,MORN
MOSAIC COMPANY MOS,MOS
MOTOROLA SOLUTIONS INC MSI,MSI
MSC INDL DIRECT INC MSM,MSM
MSCI INC MSCI,MSCI
MURPHY OIL CORP MUR,MUR
MURPHY USA INC MUSA,MUSA
MYLAN NV MYL,MYL
NABORS INDUSTRIES LTD NBR,NBR
NASDAQ INC NDAQ,NDAQ
NATIONAL FUEL GAS CO NFG,NFG
NATIONAL INSTRS CORP NATI,NATI
NATIONAL OILWELL VARCO NOV,NOV
NATIONAL RETAIL PPTYS NNN,NNN
NAVIENT CORPORATION NAVI,NAVI
NCR CORP NCR,NCR
NETAPP INC NTAP,NTAP
NETFLIX INC NFLX,NFLX
NEUROCRINE BIOSCIENCES NBIX,NBIX
NEW RESIDENTIAL INVT NRZ,NRZ
NEW YORK CMNTY BANCORP NYCB,NYCB
NEWELL BRANDS INC NWL,NWL
NEWFIELD EXPLORATION CO NFX,NFX
NEWMARKET CORPORATION NEU,NEU
NEWMONT MINING CORP NEM,NEM
NEWS CORP CL A NWSA,NWSA
NEWS CORP CL B NWS,NWS
NEXTERA ENERGY INC NEE,NEE
NIELSEN HOLDINGS PLC NLSN,NLSN
METLIFE INC MET,MET
METTLER TOLEDO INTL INC MTD,MTD
MFA FINANCIAL INC MFA,MFA
MGM RESORTS INTL MGM,MGM
MICHAEL KORS HLDGS LTD KORS,KORS
NORTHERN TRUST CORP NTRS,NTRS
NORTHROP GRUMMAN CORP NOC,NOC
NORWEGIAN CRUISE LINE NCLH,NCLH
NRG ENERGY INC NRG,NRG
NU SKIN ENTERPRISES NUS,NUS
NUANCE COMMUNICATIONS NUAN,NUAN
NUCOR CORP NUE,NUE
NVIDIA CORP NVDA,NVDA
NVR INC NVR,NVR
NXP SEMICONDUCTORS NV NXPI,NXPI
O REILLY AUTOMOTIVE INC ORLY,ORLY
OCCIDENTAL PETE CORP OXY,OXY
OCEANEERING INTL INC OII,OII
OGE ENERGY CORP OGE,OGE
OLD DOMINION FREIGHT ODFL,ODFL
OLD REPUBLIC INTL CORP ORI,ORI
OLIN CORP OLN,OLN
OMEGA HEALTHCARE INVS OHI,OHI
OMNICOM GROUP INC OMC,OMC
ON SEMICONDUCTOR CORP ON,ON
ONEMAIN HOLDINGS INC OMF,OMF
ONEOK INC OKE,OKE
OPKO HEALTH INC OPK,OPK
ORACLE CORP ORCL,ORCL
ORBITAL ATK INC OA,OA
OSHKOSH CORP OSK,OSK
OUTFRONT MEDIA INC OUT,OUT
OWENS CORNING OC,OC
OWENS ILLINOIS INC OI,OI
PACCAR INC PCAR,PCAR
PACKAGING CORP OF AMER PKG,PKG
PACWEST BANCORP PACW,PACW
PALO ALTO NETWORKS INC PANW,PANW
PANDORA MEDIA INC P,P
PANERA BREAD CO PNRA,PNRA
PARAMOUNT GROUP INC PGRE,PGRE
PARK HOTELS & RESORTS PK,PK
PARKER HANNIFIN CORP PH,PH
PARSLEY ENERGY INC PE,PE
PATHEON NV PTHN,PTHN
PATTERSON COS INC PDCO,PDCO
PATTERSON UTI ENERGY PTEN,PTEN
PAYCHEX INC PAYX,PAYX
NIKE INC NKE,NKE
NISOURCE INC NI,NI
NOBLE ENERGY INC NBL,NBL
NORDSON CORP NDSN,NDSN
NORDSTROM INC JWN,JWN
NORFOLK SOUTHERN CORP NSC,NSC
PERKINELMER INC PKI,PKI
PERRIGO CO PLC PRGO,PRGO
PFIZER INC PFE,PFE
PG&E CORP PCG,PCG
PHILIP MORRIS INTL PM,PM
PHILLIPS 66 PSX,PSX
PIEDMONT OFFICE RLTY TR PDM,PDM
PILGRIMS PRIDE CORP PPC,PPC
PINNACLE FINANCIAL PNFP,PNFP
PINNACLE FOODS INC PF,PF
PINNACLE WEST CAPITAL CO PNW,PNW
PIONEER NAT RESOURCES CO PXD,PXD
PITNEY BOWES INC PBI,PBI
PLATFORM SPECIALTY PRODS PAH,PAH
PNC FINANCIAL SVCS GROUP PNC,PNC
POLARIS INDUSTRIES INC PII,PII
POOL CORP POOL,POOL
POPULAR INC BPOP,BPOP
POST HOLDINGS INC POST,POST
PPG INDUSTRIES INC PPG,PPG
PPL CORP PPL,PPL
PRAXAIR INC PX,PX
PREMIER INC PINC,PINC
PRICE T ROWE GROUP INC TROW,TROW
PRINCIPAL FINANCIAL GRP PFG,PFG
PROASSURANCE CORP PRA,PRA
PROCTER & GAMBLE CO PG,PG
PROGRESSIVE CORP PGR,PGR
PROLOGIS INC PLD,PLD
PROSPERITY BANCSHARES PB,PB
PRUDENTIAL FINANCIAL INC PRU,PRU
PTC INC PTC,PTC
PUBLIC STORAGE INC PSA,PSA
PUBLIC SVC ENTERPRISE PEG,PEG
PULTEGROUP INC PHM,PHM
PVH CORP PVH,PVH
QEP RESOURCES INC QEP,QEP
QIAGEN NV QGEN,QGEN
QORVO INC QRVO,QRVO
QUALCOMM INC QCOM,QCOM
QUANTA SERVICES INC PWR,PWR
QUEST DIAGNOSTICS INC DGX,DGX
PAYPAL HOLDINGS INC PYPL,PYPL
PBF ENERGY INC PBF,PBF
PENSKE AUTOMOTIVE GROUP PAG,PAG
PENTAIR PLC PNR,PNR
PEOPLES UNITED FINANCIAL PBCT,PBCT
PEPSICO INC PEP,PEP
REALTY INCOME CORP O,O
RED HAT INC RHT,RHT
REGAL BELOIT CORP RBC,RBC
REGAL ENTMT GROUP RGC,RGC
REGENCY CENTERS CORP REG,REG
REGENERON PHARMACEUTICAL REGN,REGN
REGIONS FINANCIAL CORP RF,RF
REINSURANCE GRP OF AMER RGA,RGA
RELIANCE STEEL & ALUM RS,RS
RENAISSANCERE HOLDINGS RNR,RNR
REPUBLIC SERVICES INC RSG,RSG
RESMED INC RMD,RMD
RETAIL PPTYS AMER INC RPAI,RPAI
REYNOLDS AMERICAN INC RAI,RAI
RICE ENERGY INC RICE,RICE
RITE AID CORP RAD,RAD
ROBERT HALF INTL INC RHI,RHI
ROCKWELL AUTOMATION INC ROK,ROK
ROCKWELL COLLINS INC COL,COL
ROLLINS INC ROL,ROL
ROPER TECHNOLOGIES INC ROP,ROP
ROSS STORES INC ROST,ROST
ROYAL CARIBBEAN CRUISES RCL,RCL
ROYAL GOLD INC RGLD,RGLD
RPC INC RES,RES
RPM INTERNATIONAL INC RPM,RPM
RSP PERMIAN INC RSPP,RSPP
RYDER SYSTEM INC R,R
S&P GLOBAL INC SPGI,SPGI
SABRE CORP SABR,SABR
SALESFORCE COM INC CRM,CRM
SALLY BEAUTY HOLDINGS SBH,SBH
SANTANDER CNSMR USA HLDG SC,SC
SBA COMMUNICATIONS CORP SBAC,SBAC
SCANA CORP SCG,SCG
SCHEIN HENRY INC HSIC,HSIC
SCHLUMBERGER LTD SLB,SLB
SCHWAB CHARLES CORP SCHW,SCHW
SCOTTS MIRACLE-GRO CO SMG,SMG
SCRIPPS NTWK INTERACTIVE SNI,SNI
SEABOARD CORP SEB,SEB
SEALED AIR CORP SEE,SEE
QUINTILES IMS HOLDINGS Q,Q
RALPH LAUREN CORP RL,RL
RANGE RESOURCES CORP RRC,RRC
RAYMOND JAMES FINANCIAL RJF,RJF
RAYONIER INC RYN,RYN
RAYTHEON CO RTN,RTN
REALOGY HOLDINGS CORP RLGY,RLGY
SERVICENOW INC NOW,NOW
SHERWIN WILLIAMS CO SHW,SHW
SIGNATURE BANK SBNY,SBNY
SIGNET JEWELERS LTD SIG,SIG
SILGAN HOLDINGS INC SLGN,SLGN
SIMON PROPERTY GROUP INC SPG,SPG
SIRIUS XM HOLDINGS INC SIRI,SIRI
SIX FLAGS ENTMT CORP SIX,SIX
SKECHERS USA INC SKX,SKX
SKYWORKS SOLUTIONS INC SWKS,SWKS
SL GREEN REALTY CORP SLG,SLG
SLM CORP SLM,SLM
SM ENERGY CO SM,SM
SMITH A O CORP AOS,AOS
SMUCKER J M CO SJM,SJM
SNAP ON INC SNA,SNA
SONOCO PRODUCTS CO SON,SON
SOUTHERN CO SO,SO
SOUTHERN COPPER CORP SCCO,SCCO
SOUTHWEST AIRLINES CO LUV,LUV
SOUTHWESTERN ENERGY CO SWN,SWN
SPECTRUM BRANDS HOLDINGS SPB,SPB
SPIRIT AEROSYSTEMS SPR,SPR
SPIRIT AIRLS INC SAVE,SAVE
SPIRIT RLTY CAP INC SRC,SRC
SPLUNK INC SPLK,SPLK
SPRINT CORP S,S
SPROUTS FRMRS MKT INC SFM,SFM
SQUARE INC SQ,SQ
SS&C TECHNOLOGIES HLDGS SSNC,SSNC
STANLEY BLACK & DECKER SWK,SWK
STAPLES INC SPLS,SPLS
STARBUCKS CORP SBUX,SBUX
STARWOOD PPTY TRUST INC STWD,STWD
STATE STREET CORP STT,STT
STEEL DYNAMICS INC STLD,STLD
STERICYCLE INC SRCL,SRCL
STERIS PLC STE,STE
STORE CAPITAL CORP STOR,STOR
STRYKER CORP SYK,SYK
SUN COMMUNITIES INC SUI,SUI
SEATTLE GENETICS INC SGEN,SGEN
SEI INVESTMENTS CO SEIC,SEIC
SEMPRA ENERGY SRE,SRE
SENIOR HOUSING PPTYS TR SNH,SNH
SENSATA TECHNOLOGIES ST,ST
SERVICE CORP INTL SCI,SCI
SERVICEMASTER GLOBAL SERV,SERV
TABLEAU SOFTWARE INC DATA,DATA
TAHOE RES INC TAHO,TAHO
TAKE-TWO INTERACTIVE TTWO,TTWO
TANGER FACTORY OUTLET SKT,SKT
TARGA RESOURCES INC TRGP,TRGP
TARGET CORP TGT,TGT
TAUBMAN CENTERS INC TCO,TCO
TCF FINANCIAL CORP TCF,TCF
TD AMERITRADE HOLDING AMTD,AMTD
TEGNA INC TGNA,TGNA
TELEDYNE TECHNOLOGIES TDY,TDY
TELEFLEX INC TFX,TFX
TELEPHONE & DATA SYSTEMS TDS,TDS
TEMPUR SEALY INTL INC TPX,TPX
TERADATA CORP TDC,TDC
TERADYNE INC TER,TER
TEREX CORP TEX,TEX
TESARO INC TSRO,TSRO
TESLA INC TSLA,TSLA
TESORO CORP TSO,TSO
TEXAS INSTRUMENTS INC TXN,TXN
TEXTRON INC TXT,TXT
TFS FINL CORP TFSL,TFSL
THE CHEMOURS COMPANY CC,CC
THE KRAFT HEINZ COMPANY KHC,KHC
THE PRICELINE GROUP INC PCLN,PCLN
THE WENDY'S COMPANY WEN,WEN
THERMO FISHER SCIENTIFIC TMO,TMO
THOR INDUSTRIES INC THO,THO
TIFFANY & CO TIF,TIF
TIME WARNER INC TWX,TWX
TIMKEN CO TKR,TKR
TJX COMPANIES INC TJX,TJX
TOLL BROTHERS INC TOL,TOL
TORCHMARK CORP TMK,TMK
TORO CO TTC,TTC
TOTAL SYSTEM SERVICES TSS,TSS
TRACTOR SUPPLY CO TSCO,TSCO
TRANSDIGM GROUP INC TDG,TDG
TRANSOCEAN LTD RIG,RIG
TRANSUNION TRU,TRU
SUNTRUST BANKS INC STI,STI
SVB FINANCIAL GROUP SIVB,SIVB
SYMANTEC CORP SYMC,SYMC
SYNCHRONY FINANCIAL SYF,SYF
SYNOPSYS INC SNPS,SNPS
SYNOVUS FINANCIAL CORP SNV,SNV
SYSCO CORP SYY,SYY
T-MOBILE US INC TMUS,TMUS
TWO HBRS INVT CORP TWO,TWO
TYLER TECHNOLOGIES INC TYL,TYL
TYSON FOODS INC TSN,TSN
U S G CORP USG,USG
UDR INC UDR,UDR
UGI CORP UGI,UGI
ULTA BEAUTY INC ULTA,ULTA
ULTIMATE SOFTWARE GROUP ULTI,ULTI
UNDER ARMOUR CLASS A UAA,UAA
UNDER ARMOUR CLASS C UA,UA
UNION PACIFIC CORP UNP,UNP
UNITED CONTINENTAL HLDGS UAL,UAL
UNITED PARCEL SERVICE UPS,UPS
UNITED RENTALS INC URI,URI
UNITED STATES CELLULAR USM,USM
UNITED STATES STEEL CORP X,X
UNITED TECHNOLOGIES UTX,UTX
UNITED THERAPEUTICS UTHR,UTHR
UNITEDHEALTH GROUP INC UNH,UNH
UNITI GROUP INC UNIT,UNIT
UNIVAR INC UNVR,UNVR
UNIVERSAL DISPLAY CORP OLED,OLED
UNIVERSAL HEALTH SVCS UHS,UHS
UNUM GROUP UNM,UNM
URBAN OUTFITTERS INC URBN,URBN
US BANCORP USB,USB
US FOODS HOLDING CORP USFD,USFD
V F CORP VFC,VFC
VAIL RESORTS INC MTN,MTN
VALERO ENERGY CORP VLO,VLO
VALIDUS HOLDINGS LTD VR,VR
VALMONT INDUSTRIES INC VMI,VMI
VALVOLINE INC VVV,VVV
VANTIV INC VNTV,VNTV
VARIAN MEDICAL SYSTEMS VAR,VAR
VCA INC WOOF,WOOF
VECTREN CORP VVC,VVC
VEEVA SYSTEMS INC VEEV,VEEV
VENTAS INC VTR,VTR
VEREIT INC VER,VER
TRAVELERS COS INC TRV,TRV
TREEHOUSE FOODS INC THS,THS
TRIBUNE MEDIA CO TRCO,TRCO
TRIMBLE INC TRMB,TRMB
TRINITY INDUSTRIES INC TRN,TRN
TRIPADVISOR INC TRIP,TRIP
TUPPERWARE BRANDS CORP TUP,TUP
TWITTER INC TWTR,TWTR
VISTRA ENERGY CORP VST,VST
VMWARE INC VMW,VMW
VORNADO REALTY TRUST VNO,VNO
VOYA FINANCIAL INC VOYA,VOYA
VULCAN MATERIALS CO VMC,VMC
VWR CORPORATION VWR,VWR
W P CAREY INC WPC,WPC
WABCO HOLDINGS INC WBC,WBC
WABTEC CORP WAB,WAB
WAL MART STORES INC WMT,WMT
WALGREENS BOOTS ALLIANCE WBA,WBA
WASTE MGMT INC WM,WM
WATERS CORP WAT,WAT
WATSCO INC WSO,WSO
WAYFAIR INC W,W
WEATHERFORD INTL PLC WFT,WFT
WEBSTER FINANCIAL CORP WBS,WBS
WEC ENERGY GROUP INC WEC,WEC
WEINGARTEN RLTY INVS WRI,WRI
WELBILT WBT,WBT
WELLCARE GROUP INC WCG,WCG
WELLS FARGO & CO WFC,WFC
WELLTOWER INC HCN,HCN
WESCO INTERNATIONAL INC WCC,WCC
WEST PHARMACEUTICAL SVCS WST,WST
WESTAR ENERGY INC WR,WR
WESTERN ALLIANCE BANCORP WAL,WAL
WESTERN DIGITAL CORP WDC,WDC
WESTERN UNION CO WU,WU
WESTLAKE CHEMICAL CORP WLK,WLK
WESTROCK CO WRK,WRK
WEX INC WEX,WEX
WEYERHAEUSER CO WY,WY
WHIRLPOOL CORP WHR,WHR
WHITE MTNS INS GROUP LTD WTM,WTM
WHITING PETROLEUM CORP WLL,WLL
WHOLE FOODS MARKET INC WFM,WFM
WILEY JOHN & SONS INC JW.A,JW.A
WILLIAMS COMPANIES INC WMB,WMB
WILLIAMS SONOMA INC WSM,WSM
VERISIGN INC VRSN,VRSN
VERISK ANALYTICS INC VRSK,VRSK
VERIZON COMMUNICATIONS VZ,VZ
VERSUM MATERIALS VSM,VSM
VERTEX PHARMACEUTICALS VRTX,VRTX
VIACOM INC CL A VIA,VIA
VIACOM INC CL B VIAB,VIAB
VISA INC V,V
VISTEON CORP VC,VC
XL GROUP LTD XL,XL
XPO LOGISTICS INC XPO,XPO
XYLEM INC XYL,XYL
YUM CHINA HOLDINGS INC YUMC,YUMC
YUM! BRANDS INC YUM,YUM
ZAYO GROUP HOLDINGS INC ZAYO,ZAYO
ZEBRA TECHNOLOGIES CORP ZBRA,ZBRA
ZILLOW GROUP INC CLASS A ZG,ZG
ZILLOW GROUP INC CLASS C Z,Z
ZIMMER BIOMET HOLDINGS ZBH,ZBH
ZIONS BANCORPORATION ZION,ZION
ZOETIS INC ZTS,ZTS
ZYNGA INC ZNGA,ZNGA
WILLIS TOWERS WATSON PLC WLTW,WLTW
WORKDAY INC WDAY,WDAY
WORLD FUEL SVCS CORP INT,INT
WPX ENERGY INC WPX,WPX
WYNDHAM WORLDWIDE CORP WYN,WYN
WYNN RESORTS LTD WYNN,WYNN
XCEL ENERGY INC XEL,XEL
XEROX CORP XRX,XRX
XILINX INC XLNX,XLNX